,Database,temperatureId,probeId,tempSSId,measDate,measSetNum,roomTempC,pulseVoltage,temperatureC,numTxCycles,numTxElements,txFrequencyHz,elevAperIndex,isTxAperModulationEn,txpgWaveformStyle,pulseRepetRate,IsSCW,scanRange,probeName,probePitchCm,probeRadiusCm,probeElevAperCm0,probeElevAperCm1,probeNumElements,probeElevFocusRangCm,probeDescription,energy,probeType_C,probeType_L,probeType_P
0,New_Trees,2,11711157,145,2022-12-07,4,23.799999237060547,35.81999969482422,32.099998474121094,2.0,86,1538500.0,0,1,1,3626.659912109375,0,0.0,C5-2v,0.04839999973773956,6.079999923706055,1.2999999523162842,0,128,6.0,Curved,224407.60203104568,1.0,0.0,0.0
1,New_Trees,3,11711157,145,2022-12-07,4,23.799999237060547,45.459999084472656,32.900001525878906,2.0,86,1538500.0,0,1,1,2407.31005859375,0,0.0,C5-2v,0.04839999973773956,6.079999923706055,1.2999999523162842,0,128,6.0,Curved,232035.2728331944,1.0,0.0,0.0
2,New_Trees,4,11711157,145,2022-12-07,4,23.799999237060547,57.709999084472656,34.099998474121094,2.0,86,1538500.0,0,1,1,1597.9200439453125,0,0.0,C5-2v,0.04839999973773956,6.079999923706055,1.2999999523162842,0,128,6.0,Curved,239986.69284538896,1.0,0.0,0.0
3,New_Trees,5,11711157,145,2022-12-07,4,23.700000762939453,73.26000213623047,35.400001525878906,2.0,86,1538500.0,0,1,1,1060.6700439453125,0,0.0,C5-2v,0.04839999973773956,6.079999923706055,1.2999999523162842,0,128,6.0,Curved,248207.92847283173,1.0,0.0,0.0
4,New_Trees,6,11711157,145,2022-12-07,4,23.600000381469727,93.0,36.599998474121094,2.0,86,1538500.0,0,1,1,704.0499877929688,0,0.0,C5-2v,0.04839999973773956,6.079999923706055,1.2999999523162842,0,128,6.0,Curved,256710.28418791495,1.0,0.0,0.0
5,New_Trees,7,11711157,145,2022-12-07,1,23.600000381469727,57.709999084472656,34.0,2.0,86,1538500.0,0,1,1,1597.9200439453125,0,0.0,C5-2v,0.04839999973773956,6.079999923706055,1.2999999523162842,0,128,6.0,Curved,239986.69284538896,1.0,0.0,0.0
6,New_Trees,8,11711157,146,2022-12-07,4,23.299999237060547,35.81999969482422,29.100000381469727,1.0,86,2000000.0,0,1,1,5463.66015625,0,0.0,C5-2v,0.04839999973773956,6.079999923706055,1.2999999523162842,0,128,6.0,Curved,194765.03367760155,1.0,0.0,0.0
7,New_Trees,9,11711157,146,2022-12-07,4,23.200000762939453,45.459999084472656,29.399999618530273,1.0,86,2000000.0,0,1,1,3553.1201171875,0,0.0,C5-2v,0.04839999973773956,6.079999923706055,1.2999999523162842,0,128,6.0,Curved,199332.42069710765,1.0,0.0,0.0
8,New_Trees,10,11711157,146,2022-12-07,4,23.100000381469727,57.709999084472656,29.899999618530273,1.0,86,2000000.0,0,1,1,2310.659912109375,0,0.0,C5-2v,0.04839999973773956,6.079999923706055,1.2999999523162842,0,128,6.0,Curved,204062.2428929007,1.0,0.0,0.0
9,New_Trees,11,11711157,146,2022-12-07,4,23.200000762939453,73.26000213623047,30.5,1.0,86,2000000.0,0,1,1,1502.6600341796875,0,0.0,C5-2v,0.04839999973773956,6.079999923706055,1.2999999523162842,0,128,6.0,Curved,208901.16806207725,1.0,0.0,0.0
10,New_Trees,12,11711157,146,2022-12-07,4,23.100000381469727,93.0,31.0,1.0,86,2000000.0,0,1,1,977.2100219726562,0,0.0,C5-2v,0.04839999973773956,6.079999923706055,1.2999999523162842,0,128,6.0,Curved,213855.52664803102,1.0,0.0,0.0
11,New_Trees,13,11711157,146,2022-12-07,1,23.100000381469727,57.709999084472656,29.899999618530273,1.0,86,2000000.0,0,1,1,2310.659912109375,0,0.0,C5-2v,0.04839999973773956,6.079999923706055,1.2999999523162842,0,128,6.0,Curved,204062.2428929007,1.0,0.0,0.0
12,New_Trees,14,11711157,147,2022-12-07,4,23.100000381469727,35.81999969482422,29.899999618530273,1.0,86,2500000.0,0,1,1,5209.0,0,0.0,C5-2v,0.04839999973773956,6.079999923706055,1.2999999523162842,0,128,6.0,Curved,190171.89319203928,1.0,0.0,0.0
13,New_Trees,15,11711157,147,2022-12-07,4,23.399999618530273,45.459999084472656,30.5,1.0,86,2500000.0,0,1,1,3395.60009765625,0,0.0,C5-2v,0.04839999973773956,6.079999923706055,1.2999999523162842,0,128,6.0,Curved,194863.84370795888,1.0,0.0,0.0
14,New_Trees,16,11711157,147,2022-12-07,4,23.399999618530273,57.709999084472656,31.200000762939453,1.0,86,2500000.0,0,1,1,2213.5,0,0.0,C5-2v,0.04839999973773956,6.079999923706055,1.2999999523162842,0,128,6.0,Curved,199725.9079053884,1.0,0.0,0.0
15,New_Trees,17,11711157,147,2022-12-07,4,23.5,73.26000213623047,31.799999237060547,1.0,86,2500000.0,0,1,1,1442.9200439453125,0,0.0,C5-2v,0.04839999973773956,6.079999923706055,1.2999999523162842,0,128,6.0,Curved,204706.50032144468,1.0,0.0,0.0
16,New_Trees,18,11711157,147,2022-12-07,4,23.700000762939453,93.0,32.29999923706055,1.0,86,2500000.0,0,1,1,940.5999755859375,0,0.0,C5-2v,0.04839999973773956,6.079999923706055,1.2999999523162842,0,128,6.0,Curved,209811.36226983968,1.0,0.0,0.0
17,New_Trees,19,11711157,147,2022-12-07,1,23.5,57.709999084472656,31.299999237060547,1.0,86,2500000.0,0,1,1,2213.5,0,0.0,C5-2v,0.04839999973773956,6.079999923706055,1.2999999523162842,0,128,6.0,Curved,199725.9079053884,1.0,0.0,0.0
18,New_Trees,20,11711157,148,2022-12-07,4,23.600000381469727,35.81999969482422,30.600000381469727,1.0,86,3076900.0,0,1,1,4820.330078125,0,0.0,C5-2v,0.04839999973773956,6.079999923706055,1.2999999523162842,0,128,6.0,Curved,182939.52214203865,1.0,0.0,0.0
19,New_Trees,21,11711157,148,2022-12-07,4,23.5,45.459999084472656,30.899999618530273,1.0,86,3076900.0,0,1,1,3154.43994140625,0,0.0,C5-2v,0.04839999973773956,6.079999923706055,1.2999999523162842,0,128,6.0,Curved,187816.6663003148,1.0,0.0,0.0
20,New_Trees,22,11711157,148,2022-12-07,4,23.5,57.709999084472656,31.399999618530273,1.0,86,3076900.0,0,1,1,2064.280029296875,0,0.0,C5-2v,0.04839999973773956,6.079999923706055,1.2999999523162842,0,128,6.0,Curved,192876.33559062128,1.0,0.0,0.0
21,New_Trees,23,11711157,148,2022-12-07,4,23.600000381469727,73.26000213623047,31.899999618530273,1.0,86,3076900.0,0,1,1,1350.8800048828125,0,0.0,C5-2v,0.04839999973773956,6.079999923706055,1.2999999523162842,0,128,6.0,Curved,198070.08465501692,1.0,0.0,0.0
22,New_Trees,24,11711157,148,2022-12-07,4,23.600000381469727,93.0,32.29999923706055,1.0,86,3076900.0,0,1,1,884.02001953125,0,0.0,C5-2v,0.04839999973773956,6.079999923706055,1.2999999523162842,0,128,6.0,Curved,203403.102114511,1.0,0.0,0.0
23,New_Trees,25,11711157,148,2022-12-07,1,23.600000381469727,57.709999084472656,31.5,1.0,86,3076900.0,0,1,1,2064.280029296875,0,0.0,C5-2v,0.04839999973773956,6.079999923706055,1.2999999523162842,0,128,6.0,Curved,192876.33559062128,1.0,0.0,0.0
24,New_Trees,26,11711157,149,2022-12-07,4,23.600000381469727,35.81999969482422,32.5,1.5,86,3636400.0,0,1,2,3638.97998046875,0,0.0,C5-2v,0.04839999973773956,6.079999923706055,1.2999999523162842,0,128,6.0,Curved,194672.50350411414,1.0,0.0,0.0
25,New_Trees,27,11711157,149,2022-12-07,4,23.5,45.459999084472656,32.70000076293945,1.5,86,3636400.0,0,1,2,2415.080078125,0,0.0,C5-2v,0.04839999973773956,6.079999923706055,1.2999999523162842,0,128,6.0,Curved,201272.47792615544,1.0,0.0,0.0
26,New_Trees,28,11711157,149,2022-12-07,4,23.5,57.709999084472656,33.099998474121094,1.5,86,3636400.0,0,1,2,1602.81005859375,0,0.0,C5-2v,0.04839999973773956,6.079999923706055,1.2999999523162842,0,128,6.0,Curved,208152.34121207005,1.0,0.0,0.0
27,New_Trees,29,11711157,149,2022-12-07,4,23.399999618530273,73.26000213623047,33.5,1.5,86,3636400.0,0,1,2,1063.72998046875,0,0.0,C5-2v,0.04839999973773956,6.079999923706055,1.2999999523162842,0,128,6.0,Curved,215264.2100722379,1.0,0.0,0.0
28,New_Trees,30,11711157,149,2022-12-07,4,23.399999618530273,93.0,33.599998474121094,1.5,86,3636400.0,0,1,2,705.969970703125,0,0.0,C5-2v,0.04839999973773956,6.079999923706055,1.2999999523162842,0,128,6.0,Curved,222620.55731197254,1.0,0.0,0.0
29,New_Trees,31,11711157,149,2022-12-07,1,23.399999618530273,57.709999084472656,33.0,1.5,86,3636400.0,0,1,2,1602.81005859375,0,0.0,C5-2v,0.04839999973773956,6.079999923706055,1.2999999523162842,0,128,6.0,Curved,208152.34121207005,1.0,0.0,0.0
30,New_Trees,32,11711157,150,2022-12-07,4,23.299999237060547,35.81999969482422,31.799999237060547,1.5,86,4000000.0,0,1,2,4238.330078125,0,0.0,C5-2v,0.04839999973773956,6.079999923706055,1.2999999523162842,0,128,6.0,Curved,210093.28364746773,1.0,0.0,0.0
31,New_Trees,33,11711157,150,2022-12-07,4,23.299999237060547,45.459999084472656,32.0,1.5,86,4000000.0,0,1,2,2791.47998046875,0,0.0,C5-2v,0.04839999973773956,6.079999923706055,1.2999999523162842,0,128,6.0,Curved,216389.35102716333,1.0,0.0,0.0
32,New_Trees,34,11711157,150,2022-12-07,4,23.0,57.709999084472656,32.099998474121094,1.5,86,4000000.0,0,1,2,1838.550048828125,0,0.0,C5-2v,0.04839999973773956,6.079999923706055,1.2999999523162842,0,128,6.0,Curved,222934.86767892534,1.0,0.0,0.0
33,New_Trees,35,11711157,150,2022-12-07,4,22.899999618530273,73.26000213623047,32.29999923706055,1.5,86,4000000.0,0,1,2,1210.9200439453125,0,0.0,C5-2v,0.04839999973773956,6.079999923706055,1.2999999523162842,0,128,6.0,Curved,229675.07346727923,1.0,0.0,0.0
34,New_Trees,36,11711157,150,2022-12-07,4,22.799999237060547,93.0,32.29999923706055,1.5,86,4000000.0,0,1,2,797.5499877929688,0,0.0,C5-2v,0.04839999973773956,6.079999923706055,1.2999999523162842,0,128,6.0,Curved,236619.8135976239,1.0,0.0,0.0
35,New_Trees,37,11711157,150,2022-12-07,1,22.899999618530273,57.709999084472656,31.899999618530273,1.5,86,4000000.0,0,1,2,1838.550048828125,0,0.0,C5-2v,0.04839999973773956,6.079999923706055,1.2999999523162842,0,128,6.0,Curved,222934.86767892534,1.0,0.0,0.0
36,New_Trees,38,11711157,151,2022-12-07,4,22.899999618530273,35.81999969482422,27.200000762939453,1.0,86,4705900.0,0,1,2,6964.0,0,0.0,C5-2v,0.04839999973773956,6.079999923706055,1.2999999523162842,0,128,6.0,Curved,219886.48276371285,1.0,0.0,0.0
37,New_Trees,39,11711157,151,2022-12-07,4,22.899999618530273,45.459999084472656,27.200000762939453,1.0,86,4705900.0,0,1,2,4474.2001953125,0,0.0,C5-2v,0.04839999973773956,6.079999923706055,1.2999999523162842,0,128,6.0,Curved,223681.8275056463,1.0,0.0,0.0
38,New_Trees,40,11711157,151,2022-12-07,4,23.0,57.709999084472656,27.5,1.0,86,4705900.0,0,1,2,2874.570068359375,0,0.0,C5-2v,0.04839999973773956,6.079999923706055,1.2999999523162842,0,128,6.0,Curved,227604.6289989247,1.0,0.0,0.0
39,New_Trees,41,11711157,151,2022-12-07,4,23.0,73.26000213623047,27.600000381469727,1.0,86,4705900.0,0,1,2,1846.8399658203125,0,0.0,C5-2v,0.04839999973773956,6.079999923706055,1.2999999523162842,0,128,6.0,Curved,231592.842162998,1.0,0.0,0.0
40,New_Trees,42,11711157,151,2022-12-07,4,23.100000381469727,93.0,27.600000381469727,1.0,86,4705900.0,0,1,2,1186.550048828125,0,0.0,C5-2v,0.04839999973773956,6.079999923706055,1.2999999523162842,0,128,6.0,Curved,235651.14418218558,1.0,0.0,0.0
41,New_Trees,43,11711157,151,2022-12-07,1,23.200000762939453,57.709999084472656,27.700000762939453,1.0,86,4705900.0,0,1,2,2874.570068359375,0,0.0,C5-2v,0.04839999973773956,6.079999923706055,1.2999999523162842,0,128,6.0,Curved,227604.6289989247,1.0,0.0,0.0
42,New_Trees,44,11711157,152,2022-12-07,4,23.399999618530273,35.81999969482422,33.900001525878906,2.0,86,1538500.0,0,0,1,3314.669921875,0,0.0,C5-2v,0.04839999973773956,6.079999923706055,1.2999999523162842,0,128,6.0,Curved,214538.03218507316,1.0,0.0,0.0
43,New_Trees,45,11711157,152,2022-12-07,4,23.299999237060547,45.459999084472656,35.0,2.0,86,1538500.0,0,0,1,2210.1298828125,0,0.0,C5-2v,0.04839999973773956,6.079999923706055,1.2999999523162842,0,128,6.0,Curved,222329.3981020146,1.0,0.0,0.0
44,New_Trees,46,11711157,152,2022-12-07,4,23.399999618530273,57.709999084472656,36.70000076293945,2.0,86,1538500.0,0,0,1,1473.6600341796875,0,0.0,C5-2v,0.04839999973773956,6.079999923706055,1.2999999523162842,0,128,6.0,Curved,230466.75741264658,1.0,0.0,0.0
45,New_Trees,47,11711157,152,2022-12-07,4,23.399999618530273,73.26000213623047,38.5,2.0,86,1538500.0,0,0,1,982.5900268554688,0,0.0,C5-2v,0.04839999973773956,6.079999923706055,1.2999999523162842,0,128,6.0,Curved,238897.53805629068,1.0,0.0,0.0
46,New_Trees,48,11711157,152,2022-12-07,4,23.5,93.0,40.0,2.0,86,1538500.0,0,0,1,655.1699829101562,0,0.0,C5-2v,0.04839999973773956,6.079999923706055,1.2999999523162842,0,128,6.0,Curved,247638.70011697043,1.0,0.0,0.0
47,New_Trees,49,11711157,152,2022-12-07,1,23.5,57.709999084472656,36.70000076293945,2.0,86,1538500.0,0,0,1,1473.6600341796875,0,0.0,C5-2v,0.04839999973773956,6.079999923706055,1.2999999523162842,0,128,6.0,Curved,230466.75741264658,1.0,0.0,0.0
48,New_Trees,50,11711157,153,2022-12-07,4,24.5,35.81999969482422,34.70000076293945,1.5,86,1818200.0,0,0,1,4270.330078125,0,0.0,C5-2v,0.04839999973773956,6.079999923706055,1.2999999523162842,0,128,6.0,Curved,210884.90944795334,1.0,0.0,0.0
49,New_Trees,51,11711157,153,2022-12-07,4,24.399999618530273,45.459999084472656,35.5,1.5,86,1818200.0,0,0,1,2811.5,0,0.0,C5-2v,0.04839999973773956,6.079999923706055,1.2999999523162842,0,128,6.0,Curved,217163.91854827479,1.0,0.0,0.0
50,New_Trees,52,11711157,153,2022-12-07,4,24.600000381469727,57.709999084472656,37.099998474121094,1.5,86,1818200.0,0,0,1,1851.0400390625,0,0.0,C5-2v,0.04839999973773956,6.079999923706055,1.2999999523162842,0,128,6.0,Curved,223690.8278837948,1.0,0.0,0.0
51,New_Trees,53,11711157,153,2022-12-07,4,24.700000762939453,73.26000213623047,38.599998474121094,1.5,86,1818200.0,0,0,1,1218.68994140625,0,0.0,C5-2v,0.04839999973773956,6.079999923706055,1.2999999523162842,0,128,6.0,Curved,230410.75303248668,1.0,0.0,0.0
52,New_Trees,54,11711157,153,2022-12-07,4,24.399999618530273,93.0,39.70000076293945,1.5,86,1818200.0,0,0,1,802.3599853515625,0,0.0,C5-2v,0.04839999973773956,6.079999923706055,1.2999999523162842,0,128,6.0,Curved,237332.26414998583,1.0,0.0,0.0
53,New_Trees,55,11711157,153,2022-12-07,1,24.100000381469727,57.709999084472656,36.599998474121094,1.5,86,1818200.0,0,0,1,1851.0400390625,0,0.0,C5-2v,0.04839999973773956,6.079999923706055,1.2999999523162842,0,128,6.0,Curved,223690.8278837948,1.0,0.0,0.0
54,New_Trees,56,11711157,154,2022-12-07,4,24.100000381469727,35.81999969482422,31.700000762939453,1.0,86,2000000.0,0,0,1,5240.0,0,0.0,C5-2v,0.04839999973773956,6.079999923706055,1.2999999523162842,0,128,6.0,Curved,190736.9328892388,1.0,0.0,0.0
55,New_Trees,57,11711157,154,2022-12-07,4,24.100000381469727,45.459999084472656,32.29999923706055,1.0,86,2000000.0,0,0,1,3414.800048828125,0,0.0,C5-2v,0.04839999973773956,6.079999923706055,1.2999999523162842,0,128,6.0,Curved,195413.98246147725,1.0,0.0,0.0
56,New_Trees,58,11711157,154,2022-12-07,4,23.899999618530273,57.709999084472656,32.79999923706055,1.0,86,2000000.0,0,0,1,2225.35009765625,0,0.0,C5-2v,0.04839999973773956,6.079999923706055,1.2999999523162842,0,128,6.0,Curved,200259.81626379766,1.0,0.0,0.0
57,New_Trees,59,11711157,154,2022-12-07,4,23.799999237060547,73.26000213623047,33.400001525878906,1.0,86,2000000.0,0,0,1,1450.2099609375,0,0.0,C5-2v,0.04839999973773956,6.079999923706055,1.2999999523162842,0,128,6.0,Curved,205222.9576634303,1.0,0.0,0.0
58,New_Trees,60,11711157,154,2022-12-07,4,23.799999237060547,93.0,34.0,1.0,86,2000000.0,0,0,1,945.0700073242188,0,0.0,C5-2v,0.04839999973773956,6.079999923706055,1.2999999523162842,0,128,6.0,Curved,210309.31669031855,1.0,0.0,0.0
59,New_Trees,61,11711157,154,2022-12-07,1,23.600000381469727,57.709999084472656,32.400001525878906,1.0,86,2000000.0,0,0,1,2225.35009765625,0,0.0,C5-2v,0.04839999973773956,6.079999923706055,1.2999999523162842,0,128,6.0,Curved,200259.81626379766,1.0,0.0,0.0
60,New_Trees,62,11711157,155,2022-12-07,4,23.5,35.81999969482422,32.099998474121094,1.0,86,2500000.0,0,0,1,4900.330078125,0,0.0,C5-2v,0.04839999973773956,6.079999923706055,1.2999999523162842,0,128,6.0,Curved,184451.34162352319,1.0,0.0,0.0
61,New_Trees,63,11711157,155,2022-12-07,4,23.600000381469727,45.459999084472656,32.599998474121094,1.0,86,2500000.0,0,0,1,3204.159912109375,0,0.0,C5-2v,0.04839999973773956,6.079999923706055,1.2999999523162842,0,128,6.0,Curved,189291.05309932888,1.0,0.0,0.0
62,New_Trees,64,11711157,155,2022-12-07,4,23.700000762939453,57.709999084472656,33.29999923706055,1.0,86,2500000.0,0,0,1,2095.090087890625,0,0.0,C5-2v,0.04839999973773956,6.079999923706055,1.2999999523162842,0,128,6.0,Curved,194310.375910909,1.0,0.0,0.0
63,New_Trees,65,11711157,155,2022-12-07,4,23.799999237060547,73.26000213623047,34.20000076293945,1.0,86,2500000.0,0,0,1,1369.9100341796875,0,0.0,C5-2v,0.04839999973773956,6.079999923706055,1.2999999523162842,0,128,6.0,Curved,199460.32568233248,1.0,0.0,0.0
64,New_Trees,66,11711157,155,2022-12-07,4,23.5,93.0,34.79999923706055,1.0,86,2500000.0,0,0,1,895.739990234375,0,0.0,C5-2v,0.04839999973773956,6.079999923706055,1.2999999523162842,0,128,6.0,Curved,204746.97961296566,1.0,0.0,0.0
65,New_Trees,67,11711157,155,2022-12-07,1,23.700000762939453,57.709999084472656,33.400001525878906,1.0,86,2500000.0,0,0,1,2095.090087890625,0,0.0,C5-2v,0.04839999973773956,6.079999923706055,1.2999999523162842,0,128,6.0,Curved,194310.375910909,1.0,0.0,0.0
66,New_Trees,68,11711157,156,2022-12-07,4,24.0,35.81999969482422,34.79999923706055,1.5,86,3076900.0,0,0,1,3202.340087890625,0,0.0,C5-2v,0.04839999973773956,6.079999923706055,1.2999999523162842,0,128,6.0,Curved,182620.070796216,1.0,0.0,0.0
67,New_Trees,69,11711157,156,2022-12-07,4,24.0,45.459999084472656,35.599998474121094,1.5,86,3076900.0,0,0,1,2138.919921875,0,0.0,C5-2v,0.04839999973773956,6.079999923706055,1.2999999523162842,0,128,6.0,Curved,189415.6629630487,1.0,0.0,0.0
68,New_Trees,70,11711157,156,2022-12-07,4,24.100000381469727,57.709999084472656,36.599998474121094,1.5,86,3076900.0,0,0,1,1428.6300048828125,0,0.0,C5-2v,0.04839999973773956,6.079999923706055,1.2999999523162842,0,128,6.0,Curved,196517.0128306243,1.0,0.0,0.0
69,New_Trees,71,11711157,156,2022-12-07,4,24.100000381469727,73.26000213623047,37.599998474121094,1.5,86,3076900.0,0,0,1,954.219970703125,0,0.0,C5-2v,0.04839999973773956,6.079999923706055,1.2999999523162842,0,128,6.0,Curved,203882.70211011634,1.0,0.0,0.0
70,New_Trees,72,11711157,156,2022-12-07,4,24.100000381469727,93.0,38.29999923706055,1.5,86,3076900.0,0,0,1,637.3400268554688,0,0.0,C5-2v,0.04839999973773956,6.079999923706055,1.2999999523162842,0,128,6.0,Curved,211523.07369827887,1.0,0.0,0.0
71,New_Trees,73,11711157,156,2022-12-07,1,24.100000381469727,57.709999084472656,36.599998474121094,1.5,86,3076900.0,0,0,1,1428.6300048828125,0,0.0,C5-2v,0.04839999973773956,6.079999923706055,1.2999999523162842,0,128,6.0,Curved,196517.0128306243,1.0,0.0,0.0
72,New_Trees,74,11711157,157,2022-12-07,4,24.200000762939453,34.900001525878906,42.79999923706055,4.0,86,2000000.0,0,0,1,2276.330078125,0,0.0,C5-2v,0.04839999973773956,6.079999923706055,1.2999999523162842,0,128,6.0,Curved,244972.10472936052,1.0,0.0,0.0
73,New_Trees,75,11711157,157,2022-12-07,4,23.899999618530273,44.22999954223633,46.29999923706055,4.0,86,2000000.0,0,0,1,1546.5799560546875,0,0.0,C5-2v,0.04839999973773956,6.079999923706055,1.2999999523162842,0,128,6.0,Curved,255903.7751050127,1.0,0.0,0.0
74,New_Trees,76,11711157,157,2022-12-07,4,23.799999237060547,56.040000915527344,49.599998474121094,4.0,86,2000000.0,0,0,1,1050.780029296875,0,0.0,C5-2v,0.04839999973773956,6.079999923706055,1.2999999523162842,0,128,6.0,Curved,267256.08851821645,1.0,0.0,0.0
75,New_Trees,77,11711157,157,2022-12-07,4,23.799999237060547,71.0199966430664,52.900001525878906,4.0,86,2000000.0,0,0,1,713.9199829101562,0,0.0,C5-2v,0.04839999973773956,6.079999923706055,1.2999999523162842,0,128,6.0,Curved,279176.58189912135,1.0,0.0,0.0
76,New_Trees,78,11711157,157,2022-12-07,4,23.799999237060547,90.0,54.900001525878906,4.0,86,2000000.0,0,0,1,485.04998779296875,0,0.0,C5-2v,0.04839999973773956,6.079999923706055,1.2999999523162842,0,128,6.0,Curved,291614.64293524565,1.0,0.0,0.0
77,New_Trees,79,11711157,157,2022-12-07,1,23.700000762939453,56.040000915527344,49.400001525878906,4.0,86,2000000.0,0,0,1,1050.780029296875,0,0.0,C5-2v,0.04839999973773956,6.079999923706055,1.2999999523162842,0,128,6.0,Curved,267256.08851821645,1.0,0.0,0.0
78,New_Trees,80,11711157,158,2022-12-07,4,23.700000762939453,34.900001525878906,41.400001525878906,4.0,86,2500000.0,0,0,1,1964.3299560546875,0,0.0,C5-2v,0.04839999973773956,6.079999923706055,1.2999999523162842,0,128,6.0,Curved,227565.4021637268,1.0,0.0,0.0
79,New_Trees,81,11711157,158,2022-12-07,4,23.600000381469727,44.22999954223633,44.29999923706055,4.0,86,2500000.0,0,0,1,1344.47998046875,0,0.0,C5-2v,0.04839999973773956,6.079999923706055,1.2999999523162842,0,128,6.0,Curved,238598.48070589575,1.0,0.0,0.0
80,New_Trees,82,11711157,158,2022-12-07,4,23.600000381469727,56.040000915527344,46.70000076293945,4.0,86,2500000.0,0,0,1,920.219970703125,0,0.0,C5-2v,0.04839999973773956,6.079999923706055,1.2999999523162842,0,128,6.0,Curved,250102.21031844625,1.0,0.0,0.0
81,New_Trees,83,11711157,158,2022-12-07,4,23.700000762939453,71.0199966430664,49.400001525878906,4.0,86,2500000.0,0,0,1,629.8400268554688,0,0.0,C5-2v,0.04839999973773956,6.079999923706055,1.2999999523162842,0,128,6.0,Curved,262222.1325610797,1.0,0.0,0.0
82,New_Trees,84,11711157,158,2022-12-07,4,23.700000762939453,90.0,51.400001525878906,4.0,86,2500000.0,0,0,1,431.0899963378906,0,0.0,C5-2v,0.04839999973773956,6.079999923706055,1.2999999523162842,0,128,6.0,Curved,274916.02195967326,1.0,0.0,0.0
83,New_Trees,85,11711157,158,2022-12-07,1,23.799999237060547,56.040000915527344,46.900001525878906,4.0,86,2500000.0,0,0,1,920.219970703125,0,0.0,C5-2v,0.04839999973773956,6.079999923706055,1.2999999523162842,0,128,6.0,Curved,250102.21031844625,1.0,0.0,0.0
84,New_Trees,86,11711157,159,2022-12-07,4,24.0,34.900001525878906,41.0,4.0,86,2666700.0,0,0,1,1862.3299560546875,0,0.0,C5-2v,0.04839999973773956,6.079999923706055,1.2999999523162842,0,128,6.0,Curved,221578.35283564051,1.0,0.0,0.0
85,New_Trees,87,11711157,159,2022-12-07,4,24.100000381469727,44.22999954223633,43.70000076293945,4.0,86,2666700.0,0,0,1,1278.0699462890625,0,0.0,C5-2v,0.04839999973773956,6.079999923706055,1.2999999523162842,0,128,6.0,Curved,232631.12197179123,1.0,0.0,0.0
86,New_Trees,88,11711157,159,2022-12-07,4,24.100000381469727,56.040000915527344,46.099998474121094,4.0,86,2666700.0,0,0,1,877.0999755859375,0,0.0,C5-2v,0.04839999973773956,6.079999923706055,1.2999999523162842,0,128,6.0,Curved,244172.22027485218,1.0,0.0,0.0
87,New_Trees,89,11711157,159,2022-12-07,4,24.200000762939453,71.0199966430664,48.400001525878906,4.0,86,2666700.0,0,0,1,601.9299926757812,0,0.0,C5-2v,0.04839999973773956,6.079999923706055,1.2999999523162842,0,128,6.0,Curved,256346.39149496384,1.0,0.0,0.0
88,New_Trees,90,11711157,159,2022-12-07,4,24.200000762939453,90.0,50.29999923706055,4.0,86,2666700.0,0,0,1,413.0899963378906,0,0.0,C5-2v,0.04839999973773956,6.079999923706055,1.2999999523162842,0,128,6.0,Curved,269115.3174365669,1.0,0.0,0.0
89,New_Trees,91,11711157,159,2022-12-07,1,24.299999237060547,56.040000915527344,46.20000076293945,4.0,86,2666700.0,0,0,1,877.0999755859375,0,0.0,C5-2v,0.04839999973773956,6.079999923706055,1.2999999523162842,0,128,6.0,Curved,244172.22027485218,1.0,0.0,0.0
90,New_Trees,92,11711157,160,2022-12-07,4,24.100000381469727,34.900001525878906,40.20000076293945,4.0,86,3076900.0,0,0,1,1785.6700439453125,0,0.0,C5-2v,0.04839999973773956,6.079999923706055,1.2999999523162842,0,128,6.0,Curved,216969.9663292389,1.0,0.0,0.0
91,New_Trees,93,11711157,160,2022-12-07,4,24.200000762939453,44.22999954223633,42.70000076293945,4.0,86,3076900.0,0,0,1,1228.0400390625,0,0.0,C5-2v,0.04839999973773956,6.079999923706055,1.2999999523162842,0,128,6.0,Curved,228032.5098653699,1.0,0.0,0.0
92,New_Trees,94,11711157,160,2022-12-07,4,24.200000762939453,56.040000915527344,44.70000076293945,4.0,86,3076900.0,0,0,1,844.5399780273438,0,0.0,C5-2v,0.04839999973773956,6.079999923706055,1.2999999523162842,0,128,6.0,Curved,239597.23899053948,1.0,0.0,0.0
93,New_Trees,95,11711157,160,2022-12-07,4,24.200000762939453,71.0199966430664,46.599998474121094,4.0,86,3076900.0,0,0,1,580.8099975585938,0,0.0,C5-2v,0.04839999973773956,6.079999923706055,1.2999999523162842,0,128,6.0,Curved,251809.005733288,1.0,0.0,0.0
94,New_Trees,96,11711157,160,2022-12-07,4,24.200000762939453,90.0,48.099998474121094,4.0,86,3076900.0,0,0,1,399.42999267578125,0,0.0,C5-2v,0.04839999973773956,6.079999923706055,1.2999999523162842,0,128,6.0,Curved,264628.37792588025,1.0,0.0,0.0
95,New_Trees,97,11711157,160,2022-12-07,1,24.200000762939453,56.040000915527344,44.70000076293945,4.0,86,3076900.0,0,0,1,844.5399780273438,0,0.0,C5-2v,0.04839999973773956,6.079999923706055,1.2999999523162842,0,128,6.0,Curved,239597.23899053948,1.0,0.0,0.0
96,New_Trees,98,11711157,161,2022-12-07,4,24.100000381469727,34.900001525878906,39.79999923706055,4.0,86,3333300.0,0,0,1,1783.3399658203125,0,0.0,C5-2v,0.04839999973773956,6.079999923706055,1.2999999523162842,0,128,6.0,Curved,216828.3606602549,1.0,0.0,0.0
97,New_Trees,99,11711157,161,2022-12-07,4,24.200000762939453,44.22999954223633,42.099998474121094,4.0,86,3333300.0,0,0,1,1226.510009765625,0,0.0,C5-2v,0.04839999973773956,6.079999923706055,1.2999999523162842,0,128,6.0,Curved,227890.41141951058,1.0,0.0,0.0
98,New_Trees,100,11711157,161,2022-12-07,4,24.200000762939453,56.040000915527344,44.0,4.0,86,3333300.0,0,0,1,843.5499877929688,0,0.0,C5-2v,0.04839999973773956,6.079999923706055,1.2999999523162842,0,128,6.0,Curved,239456.76696653123,1.0,0.0,0.0
99,New_Trees,101,11711157,161,2022-12-07,4,24.200000762939453,71.0199966430664,45.70000076293945,4.0,86,3333300.0,0,0,1,580.1599731445312,0,0.0,C5-2v,0.04839999973773956,6.079999923706055,1.2999999523162842,0,128,6.0,Curved,251668.05789777625,1.0,0.0,0.0
100,New_Trees,102,11711157,161,2022-12-07,4,24.200000762939453,90.0,46.900001525878906,4.0,86,3333300.0,0,0,1,399.010009765625,0,0.0,C5-2v,0.04839999973773956,6.079999923706055,1.2999999523162842,0,128,6.0,Curved,264489.21883891337,1.0,0.0,0.0
101,New_Trees,103,11711157,161,2022-12-07,1,24.100000381469727,56.040000915527344,43.900001525878906,4.0,86,3333300.0,0,0,1,843.5499877929688,0,0.0,C5-2v,0.04839999973773956,6.079999923706055,1.2999999523162842,0,128,6.0,Curved,239456.76696653123,1.0,0.0,0.0
102,New_Trees,104,11711157,162,2022-12-07,4,24.100000381469727,34.900001525878906,39.79999923706055,4.0,86,3636400.0,0,0,1,1852.3299560546875,0,0.0,C5-2v,0.04839999973773956,6.079999923706055,1.2999999523162842,0,128,6.0,Curved,220982.6565650647,1.0,0.0,0.0
103,New_Trees,105,11711157,162,2022-12-07,4,23.700000762939453,44.22999954223633,41.599998474121094,4.0,86,3636400.0,0,0,1,1271.550048828125,0,0.0,C5-2v,0.04839999973773956,6.079999923706055,1.2999999523162842,0,128,6.0,Curved,232036.9955062823,1.0,0.0,0.0
104,New_Trees,106,11711157,162,2022-12-07,4,23.899999618530273,56.040000915527344,43.29999923706055,4.0,86,3636400.0,0,0,1,872.8599853515625,0,0.0,C5-2v,0.04839999973773956,6.079999923706055,1.2999999523162842,0,128,6.0,Curved,243581.32866430207,1.0,0.0,0.0
105,New_Trees,107,11711157,162,2022-12-07,4,23.700000762939453,71.0199966430664,44.79999923706055,4.0,86,3636400.0,0,0,1,599.1799926757812,0,0.0,C5-2v,0.04839999973773956,6.079999923706055,1.2999999523162842,0,128,6.0,Curved,255760.14425862316,1.0,0.0,0.0
106,New_Trees,108,11711157,162,2022-12-07,4,23.700000762939453,90.0,45.599998474121094,4.0,86,3636400.0,0,0,1,411.32000732421875,0,0.0,C5-2v,0.04839999973773956,6.079999923706055,1.2999999523162842,0,128,6.0,Curved,268538.15205369634,1.0,0.0,0.0
107,New_Trees,109,11711157,162,2022-12-07,1,23.600000381469727,56.040000915527344,43.0,4.0,86,3636400.0,0,0,1,872.8599853515625,0,0.0,C5-2v,0.04839999973773956,6.079999923706055,1.2999999523162842,0,128,6.0,Curved,243581.32866430207,1.0,0.0,0.0
108,New_Trees,124,11711157,160,2022-12-07,3,23.600000381469727,56.040000915527344,32.900001525878906,4.0,9,3076900.0,0,0,1,1318.5699462890625,0,0.18452100455760956,C5-2v,0.04839999973773956,6.079999923706055,1.2999999523162842,0,128,6.0,Curved,7129.718993644745,1.0,0.0,0.0
109,New_Trees,125,11711157,160,2022-12-07,3,23.700000762939453,56.040000915527344,37.5,4.0,9,3076900.0,0,0,1,2059.31005859375,0,0.3187200129032135,C5-2v,0.04839999973773956,6.079999923706055,1.2999999523162842,0,128,6.0,Curved,6779.5354370329505,1.0,0.0,0.0
110,New_Trees,126,11711157,160,2022-12-07,3,23.600000381469727,56.040000915527344,33.400001525878906,4.0,9,3076900.0,0,0,1,2741.22998046875,0,2.200779914855957,C5-2v,0.04839999973773956,6.079999923706055,1.2999999523162842,0,128,6.0,Curved,2976.652666122093,1.0,0.0,0.0
111,New_Trees,127,11711157,160,2022-12-07,3,23.799999237060547,56.040000915527344,31.799999237060547,4.0,9,3076900.0,0,0,1,3298.14990234375,0,4.370240211486816,C5-2v,0.04839999973773956,6.079999923706055,1.2999999523162842,0,128,6.0,Curved,2317.001275507004,1.0,0.0,0.0
112,New_Trees,128,11711157,160,2022-12-07,3,23.700000762939453,56.040000915527344,32.20000076293945,4.0,9,3076900.0,0,0,1,4111.83984375,0,6.228759765625,C5-2v,0.04839999973773956,6.079999923706055,1.2999999523162842,0,128,6.0,Curved,2167.0106048188895,1.0,0.0,0.0
113,New_Trees,129,11711157,160,2022-12-07,3,23.799999237060547,56.040000915527344,36.099998474121094,4.0,22,3076900.0,0,0,1,955.6599731445312,0,0.18452100455760956,C5-2v,0.04839999973773956,6.079999923706055,1.2999999523162842,0,128,6.0,Curved,9489.921296381235,1.0,0.0,0.0
114,New_Trees,130,11711157,160,2022-12-07,3,23.899999618530273,56.040000915527344,41.599998474121094,4.0,22,3076900.0,0,0,1,1375.1400146484375,0,0.3187200129032135,C5-2v,0.04839999973773956,6.079999923706055,1.2999999523162842,0,128,6.0,Curved,8661.689479377286,1.0,0.0,0.0
115,New_Trees,131,11711157,160,2022-12-07,3,23.600000381469727,56.040000915527344,39.599998474121094,4.0,22,3076900.0,0,0,1,1830.1600341796875,0,2.200779914855957,C5-2v,0.04839999973773956,6.079999923706055,1.2999999523162842,0,128,6.0,Curved,3802.6823095699806,1.0,0.0,0.0
116,New_Trees,132,11711157,160,2022-12-07,3,23.399999618530273,56.040000915527344,36.70000076293945,4.0,22,3076900.0,0,0,1,2196.840087890625,0,4.370240211486816,C5-2v,0.04839999973773956,6.079999923706055,1.2999999523162842,0,128,6.0,Curved,2956.5170353073613,1.0,0.0,0.0
117,New_Trees,133,11711157,160,2022-12-07,3,23.600000381469727,56.040000915527344,37.099998474121094,4.0,22,3076900.0,0,0,1,2741.22998046875,0,6.228759765625,C5-2v,0.04839999973773956,6.079999923706055,1.2999999523162842,0,128,6.0,Curved,2766.341319105668,1.0,0.0,0.0
118,New_Trees,134,11711157,160,2022-12-07,3,23.5,56.040000915527344,37.29999923706055,4.0,43,3076900.0,0,0,1,772.0800170898438,0,0.18452100455760956,C5-2v,0.04839999973773956,6.079999923706055,1.2999999523162842,0,128,6.0,Curved,11925.180354444272,1.0,0.0,0.0
119,New_Trees,135,11711157,160,2022-12-07,3,23.5,56.040000915527344,39.79999923706055,4.0,43,3076900.0,0,0,1,916.4199829101562,0,0.3187200129032135,C5-2v,0.04839999973773956,6.079999923706055,1.2999999523162842,0,128,6.0,Curved,9885.515311809691,1.0,0.0,0.0
120,New_Trees,136,11711157,160,2022-12-07,3,23.299999237060547,56.040000915527344,43.099998474121094,4.0,43,3076900.0,0,0,1,1221.9000244140625,0,2.200779914855957,C5-2v,0.04839999973773956,6.079999923706055,1.2999999523162842,0,128,6.0,Curved,4343.964173693486,1.0,0.0,0.0
121,New_Trees,137,11711157,160,2022-12-07,3,23.200000762939453,56.040000915527344,40.20000076293945,4.0,43,3076900.0,0,0,1,1465.4200439453125,0,4.370240211486816,C5-2v,0.04839999973773956,6.079999923706055,1.2999999523162842,0,128,6.0,Curved,3375.865337378214,1.0,0.0,0.0
122,New_Trees,138,11711157,160,2022-12-07,3,23.200000762939453,56.040000915527344,40.400001525878906,4.0,43,3076900.0,0,0,1,1832.8399658203125,0,6.228759765625,C5-2v,0.04839999973773956,6.079999923706055,1.2999999523162842,0,128,6.0,Curved,3162.4100942550517,1.0,0.0,0.0
123,New_Trees,139,11711157,160,2022-12-07,3,23.100000381469727,56.040000915527344,35.20000076293945,4.0,64,3076900.0,0,0,1,575.510009765625,0,0.18452100455760956,C5-2v,0.04839999973773956,6.079999923706055,1.2999999523162842,0,128,6.0,Curved,12560.76238041764,1.0,0.0,0.0
124,New_Trees,140,11711157,160,2022-12-07,3,23.299999237060547,56.040000915527344,36.79999923706055,4.0,64,3076900.0,0,0,1,652.0599975585938,0,0.3187200129032135,C5-2v,0.04839999973773956,6.079999923706055,1.2999999523162842,0,128,6.0,Curved,10173.059299622957,1.0,0.0,0.0
125,New_Trees,141,11711157,160,2022-12-07,3,23.200000762939453,56.040000915527344,40.0,4.0,64,3076900.0,0,0,1,815.3900146484375,0,2.200779914855957,C5-2v,0.04839999973773956,6.079999923706055,1.2999999523162842,0,128,6.0,Curved,4329.192043846528,1.0,0.0,0.0
126,New_Trees,142,11711157,160,2022-12-07,3,23.399999618530273,56.040000915527344,40.0,4.0,64,3076900.0,0,0,1,978.0900268554688,0,4.370240211486816,C5-2v,0.04839999973773956,6.079999923706055,1.2999999523162842,0,128,6.0,Curved,3364.7222894975753,1.0,0.0,0.0
127,New_Trees,143,11711157,160,2022-12-07,3,23.399999618530273,56.040000915527344,40.099998474121094,4.0,64,3076900.0,0,0,1,1221.9000244140625,0,6.228759765625,C5-2v,0.04839999973773956,6.079999923706055,1.2999999523162842,0,128,6.0,Curved,3150.137498014604,1.0,0.0,0.0
128,New_Trees,144,11711157,160,2022-12-07,3,23.600000381469727,56.040000915527344,33.400001525878906,4.0,86,3076900.0,0,0,1,407.70001220703125,0,0.18452100455760956,C5-2v,0.04839999973773956,6.079999923706055,1.2999999523162842,0,128,6.0,Curved,12255.164917119044,1.0,0.0,0.0
129,New_Trees,145,11711157,160,2022-12-07,3,23.799999237060547,56.040000915527344,34.900001525878906,4.0,86,3076900.0,0,0,1,466.07000732421875,0,0.3187200129032135,C5-2v,0.04839999973773956,6.079999923706055,1.2999999523162842,0,128,6.0,Curved,9969.941583129465,1.0,0.0,0.0
130,New_Trees,146,11711157,160,2022-12-07,3,23.399999618530273,56.040000915527344,36.5,4.0,86,3076900.0,0,0,1,543.7100219726562,0,2.200779914855957,C5-2v,0.04839999973773956,6.079999923706055,1.2999999523162842,0,128,6.0,Curved,4097.953867216633,1.0,0.0,0.0
131,New_Trees,147,11711157,160,2022-12-07,3,23.399999618530273,56.040000915527344,37.70000076293945,4.0,86,3076900.0,0,0,1,652.4000244140625,0,4.370240211486816,C5-2v,0.04839999973773956,6.079999923706055,1.2999999523162842,0,128,6.0,Curved,3185.488435461286,1.0,0.0,0.0
132,New_Trees,148,11711157,160,2022-12-07,3,23.700000762939453,56.040000915527344,38.400001525878906,4.0,86,3076900.0,0,0,1,815.3900146484375,0,6.228759765625,C5-2v,0.04839999973773956,6.079999923706055,1.2999999523162842,0,128,6.0,Curved,2983.0024266380915,1.0,0.0,0.0
133,New_Trees,155,11711157,149,2022-12-07,3,23.100000381469727,57.709999084472656,26.200000762939453,1.5,9,3636400.0,0,1,2,2997.60009765625,0,0.18452100455760956,C5-2v,0.04839999973773956,6.079999923706055,1.2999999523162842,0,128,6.0,Curved,6779.165577767146,1.0,0.0,0.0
134,New_Trees,156,11711157,149,2022-12-07,3,23.100000381469727,57.709999084472656,27.700000762939453,1.5,9,3636400.0,0,1,2,5000.0,0,0.3187200129032135,C5-2v,0.04839999973773956,6.079999923706055,1.2999999523162842,0,128,6.0,Curved,6661.816019024337,1.0,0.0,0.0
135,New_Trees,157,11711157,149,2022-12-07,3,23.200000762939453,57.709999084472656,25.899999618530273,1.5,9,3636400.0,0,1,2,6443.2998046875,0,2.200779914855957,C5-2v,0.04839999973773956,6.079999923706055,1.2999999523162842,0,128,6.0,Curved,2877.9163219056986,1.0,0.0,0.0
136,New_Trees,158,11711157,149,2022-12-07,3,23.100000381469727,57.709999084472656,25.100000381469727,1.5,9,3636400.0,0,1,2,6443.2998046875,0,4.370240211486816,C5-2v,0.04839999973773956,6.079999923706055,1.2999999523162842,0,128,6.0,Curved,2042.273089634831,1.0,0.0,0.0
137,New_Trees,159,11711157,149,2022-12-07,3,23.100000381469727,57.709999084472656,24.799999237060547,1.5,9,3636400.0,0,1,2,6443.2998046875,0,6.228759765625,C5-2v,0.04839999973773956,6.079999923706055,1.2999999523162842,0,128,6.0,Curved,1710.6677919402143,1.0,0.0,0.0
138,New_Trees,160,11711157,149,2022-12-07,3,23.0,57.709999084472656,29.5,1.5,22,3636400.0,0,1,2,2216.31005859375,0,0.18452100455760956,C5-2v,0.04839999973773956,6.079999923706055,1.2999999523162842,0,128,6.0,Curved,9113.700213589287,1.0,0.0,0.0
139,New_Trees,161,11711157,149,2022-12-07,3,23.0,57.709999084472656,32.0,1.5,22,3636400.0,0,1,2,3188.780029296875,0,0.3187200129032135,C5-2v,0.04839999973773956,6.079999923706055,1.2999999523162842,0,128,6.0,Curved,8317.82921018693,1.0,0.0,0.0
140,New_Trees,162,11711157,149,2022-12-07,3,23.0,57.709999084472656,29.799999237060547,1.5,22,3636400.0,0,1,2,4251.7001953125,0,2.200779914855957,C5-2v,0.04839999973773956,6.079999923706055,1.2999999523162842,0,128,6.0,Curved,3655.0674417839273,1.0,0.0,0.0
141,New_Trees,163,11711157,149,2022-12-07,3,23.0,57.709999084472656,28.700000762939453,1.5,22,3636400.0,0,1,2,5102.0400390625,0,4.370240211486816,C5-2v,0.04839999973773956,6.079999923706055,1.2999999523162842,0,128,6.0,Curved,2841.3299033943204,1.0,0.0,0.0
142,New_Trees,164,11711157,149,2022-12-07,3,23.0,57.709999084472656,28.899999618530273,1.5,22,3636400.0,0,1,2,6345.18017578125,0,6.228759765625,C5-2v,0.04839999973773956,6.079999923706055,1.2999999523162842,0,128,6.0,Curved,2654.1384525860735,1.0,0.0,0.0
143,New_Trees,165,11711157,149,2022-12-07,3,23.0,57.709999084472656,30.100000381469727,1.5,43,3636400.0,0,1,2,1714.6800537109375,0,0.18452100455760956,C5-2v,0.04839999973773956,6.079999923706055,1.2999999523162842,0,128,6.0,Curved,11207.117244091032,1.0,0.0,0.0
144,New_Trees,166,11711157,149,2022-12-07,3,22.899999618530273,57.709999084472656,31.299999237060547,1.5,43,3636400.0,0,1,2,2035.8299560546875,0,0.3187200129032135,C5-2v,0.04839999973773956,6.079999923706055,1.2999999523162842,0,128,6.0,Curved,9291.618192570599,1.0,0.0,0.0
145,New_Trees,167,11711157,149,2022-12-07,3,23.0,57.709999084472656,31.0,1.5,43,3636400.0,0,1,2,2711.5,0,2.200779914855957,C5-2v,0.04839999973773956,6.079999923706055,1.2999999523162842,0,128,6.0,Curved,4080.7667322253883,1.0,0.0,0.0
146,New_Trees,168,11711157,149,2022-12-07,3,23.0,57.709999084472656,29.799999237060547,1.5,43,3636400.0,0,1,2,3255.2099609375,0,4.370240211486816,C5-2v,0.04839999973773956,6.079999923706055,1.2999999523162842,0,128,6.0,Curved,3172.9419096480374,1.0,0.0,0.0
147,New_Trees,169,11711157,149,2022-12-07,3,23.0,57.709999084472656,30.0,1.5,43,3636400.0,0,1,2,4058.43994140625,0,6.228759765625,C5-2v,0.04839999973773956,6.079999923706055,1.2999999523162842,0,128,6.0,Curved,2967.590989522733,1.0,0.0,0.0
148,New_Trees,170,11711157,149,2022-12-07,3,22.899999618530273,57.709999084472656,29.200000762939453,1.5,64,3636400.0,0,1,2,1221.9000244140625,0,0.18452100455760956,C5-2v,0.04839999973773956,6.079999923706055,1.2999999523162842,0,128,6.0,Curved,11541.86428532461,1.0,0.0,0.0
149,New_Trees,171,11711157,149,2022-12-07,3,22.899999618530273,57.709999084472656,30.0,1.5,64,3636400.0,0,1,2,1384.27001953125,0,0.3187200129032135,C5-2v,0.04839999973773956,6.079999923706055,1.2999999523162842,0,128,6.0,Curved,9347.312690403189,1.0,0.0,0.0
150,New_Trees,172,11711157,149,2022-12-07,3,22.899999618530273,57.709999084472656,30.200000762939453,1.5,64,3636400.0,0,1,2,1728.9100341796875,0,2.200779914855957,C5-2v,0.04839999973773956,6.079999923706055,1.2999999523162842,0,128,6.0,Curved,3975.382506241721,1.0,0.0,0.0
151,New_Trees,173,11711157,149,2022-12-07,3,22.899999618530273,57.709999084472656,29.399999618530273,1.5,64,3636400.0,0,1,2,2076.409912109375,0,4.370240211486816,C5-2v,0.04839999973773956,6.079999923706055,1.2999999523162842,0,128,6.0,Curved,3091.6115712154387,1.0,0.0,0.0
152,New_Trees,174,11711157,149,2022-12-07,3,22.899999618530273,57.709999084472656,29.5,1.5,64,3636400.0,0,1,2,2593.360107421875,0,6.228759765625,C5-2v,0.04839999973773956,6.079999923706055,1.2999999523162842,0,128,6.0,Curved,2894.0874784316547,1.0,0.0,0.0
153,New_Trees,175,11711157,149,2022-12-07,3,23.0,57.709999084472656,27.899999618530273,1.5,86,3636400.0,0,1,2,828.3599853515625,0,0.18452100455760956,C5-2v,0.04839999973773956,6.079999923706055,1.2999999523162842,0,128,6.0,Curved,11016.07594088622,1.0,0.0,0.0
154,New_Trees,176,11711157,149,2022-12-07,3,22.899999618530273,57.709999084472656,28.5,1.5,86,3636400.0,0,1,2,946.25,0,0.3187200129032135,C5-2v,0.04839999973773956,6.079999923706055,1.2999999523162842,0,128,6.0,Curved,8958.567070576877,1.0,0.0,0.0
155,New_Trees,177,11711157,149,2022-12-07,3,22.899999618530273,57.709999084472656,28.799999237060547,1.5,86,3636400.0,0,1,2,1104.239990234375,0,2.200779914855957,C5-2v,0.04839999973773956,6.079999923706055,1.2999999523162842,0,128,6.0,Curved,3682.847187536823,1.0,0.0,0.0
156,New_Trees,178,11711157,149,2022-12-07,3,22.899999618530273,57.709999084472656,28.399999618530273,1.5,86,3636400.0,0,1,2,1325.56005859375,0,4.370240211486816,C5-2v,0.04839999973773956,6.079999923706055,1.2999999523162842,0,128,6.0,Curved,2863.4349455485176,1.0,0.0,0.0
157,New_Trees,179,11711157,149,2022-12-07,3,22.899999618530273,57.709999084472656,28.600000381469727,1.5,86,3636400.0,0,1,2,1657.8199462890625,0,6.228759765625,C5-2v,0.04839999973773956,6.079999923706055,1.2999999523162842,0,128,6.0,Curved,2682.3050062418183,1.0,0.0,0.0
